,Software,Rice Order Proportion Classified,Rice Order Accuracy,Rice Superfamily Proportion Classified,Rice Superfamily Accuracy,Fruit Fly Order Proportion Classified,Fruit Fly Order Accuracy,Fruit Fly Superfamily Proportion Classified,Fruit Fly Superfamily Accuracy,Human Order Proportion Classified,Human Order Accuracy,Human Superfamily Proportion Classified,Human Superfamily Accuracy,Mouse Order Proportion Classified,Mouse Order Accuracy,Mouse Superfamily Proportion Classified,Mouse Superfamily Accuracy
0,DeepTE,0.7866666666666666,0.5254237288135594,0.29333333333333333,0.45454545454545453,0.875945537065053,0.3488773747841105,0.5824508320726173,0.3194805194805195,0.9082455052696838,0.701023890784983,0.791692498450093,0.7588097102584181,0.8915120854412592,0.7301387137452712,0.774592467678471,0.7735849056603774
1,TERL,0.9733333333333334,0.6301369863013698,0.9733333333333334,0.4657534246575342,0.7337367624810892,0.38762886597938145,0.659606656580938,0.16743119266055045,0.9187848729076256,0.694331983805668,0.78735275883447,0.6141732283464567,0.9055649241146712,0.7113594040968343,0.7835862844294548,0.6649928263988523
2,TEclass2 (0.7),0.8133333333333334,0.8688524590163934,0.8133333333333334,0.819672131147541,0.6400602409638554,0.7858823529411765,0.6385542168674698,0.6839622641509434,0.815251084934904,0.8889733840304183,0.6776193428394296,0.9039341262580055,0.7886453063518831,0.8895224518888097,0.6942102304665543,0.9068825910931174
3,TEclass2 (0.9),0.6666666666666666,0.86,0.6666666666666666,0.82,0.45331325301204817,0.8637873754152824,0.45180722891566266,0.7866666666666666,0.7383756974581525,0.9202350965575147,0.6236825790452573,0.9502982107355865,0.7048903878583473,0.9282296650717703,0.6290050590219224,0.9571045576407506
4,Terrier (0.7),0.9466666666666667,0.9436619718309859,0.9066666666666666,0.9852941176470589,0.808095952023988,0.8794063079777366,0.6356821589205397,0.910377358490566,0.8527027027027027,0.8946117274167987,0.7587837837837837,0.9234194122885129,0.8462025316455696,0.9214659685863874,0.759493670886076,0.9583333333333334
5,Terrier (0.9),0.9066666666666666,0.9705882352941176,0.8933333333333333,0.9850746268656716,0.6536731634182908,0.944954128440367,0.5367316341829086,0.9664804469273743,0.7797297297297298,0.9436741767764298,0.7128378378378378,0.9554502369668246,0.7854430379746835,0.9556809024979855,0.7221518987341772,0.9754601226993865
