,Software,Rice Order Proportion Classified,Rice Order Accuracy,Rice Superfamily Proportion Classified,Rice Superfamily Accuracy,Fruit Fly Order Proportion Classified,Fruit Fly Order Accuracy,Fruit Fly Superfamily Proportion Classified,Fruit Fly Superfamily Accuracy
0,DeepTE,0.7866666666666666,0.5254237288135594,0.29333333333333333,0.45454545454545453,0.875945537065053,0.3488773747841105,0.5824508320726173,0.3194805194805195
1,TERL,0.9733333333333334,0.6301369863013698,0.9733333333333334,0.4657534246575342,0.7337367624810892,0.38762886597938145,0.659606656580938,0.16743119266055045
2,TEclass2 (0.7),0.8133333333333334,0.8688524590163934,0.8133333333333334,0.819672131147541,0.6400602409638554,0.7858823529411765,0.6385542168674698,0.6721698113207547
3,TEclass2 (0.9),0.6666666666666666,0.86,0.6666666666666666,0.82,0.45331325301204817,0.8637873754152824,0.45180722891566266,0.7766666666666666
4,Terrier (0.7),0.9466666666666667,0.9436619718309859,0.9066666666666666,0.9852941176470589,0.808095952023988,0.8794063079777366,0.6356821589205397,0.910377358490566
5,Terrier (0.9),0.9066666666666666,0.9705882352941176,0.8933333333333333,0.9850746268656716,0.6536731634182908,0.944954128440367,0.5367316341829086,0.9664804469273743
